customer_id,name,region
C1,Asha Traders,East
C2,Bharat Retail,North
C3,Coastal Mart,West
C4,Deccan Retail,West
C5,Everest Retail,West
C6,Fortune Mart,North
C7,Ganga Retail,North
C8,Himalaya Traders,East
C9,Indus Traders,West
C10,Jaya Traders,West
C11,Kaveri Foods,South
C12,Lotus Stores,East
C13,Malabar Foods,East
C14,Nilgiri Stores,North
C15,Orchid Foods,North
C16,Pearl Retail,East
C17,Quilon Foods,West
C18,Ruby Mart,East
C19,Saffron Traders,East
C20,Teak Foods,West
C21,Udaya Stores,North
C22,Vaigai Stores,West
C23,Western Traders,West
C24,Yamuna Retail,West
C25,Zenith Stores,East
C26,Amber Stores,West
C27,Banyan Retail,North
C28,Cedar Retail,South
C29,Delta Mart,North
C30,Emerald Retail,North
C31,Falcon Retail,West
C32,Garnet Stores,South
C33,Harbor Stores,South
C34,Ivory Traders,West
C35,Jasmine Stores,East
C36,Kestrel Retail,West
C37,Lagoon Foods,West
C38,Monsoon Stores,West
C39,Neem Mart,East
C40,Opal Foods,North
