order_id,order_date,customer_id,amount,currency
5001,2024-01-05,C3,1956.75,USD
5002,2024-01-30,C24,898.25,USD
5003,2024-01-15,C32,2174.75,USD
5004,2024-01-18,C28,217.25,USD
5005,2024-01-15,C21,482.75,USD
5006,2024-01-09,C33,1935.50,USD
5007,2024-01-27,C28,2042.00,USD
5008,2024-01-29,C18,2121.25,USD
5009,2024-01-07,C7,1764.50,USD
5010,2024-01-30,C29,137.00,USD
5011,2024-01-15,C1,2318.00,USD
5012,2024-01-26,C40,894.50,USD
5013,2024-01-20,C8,262.25,USD
5014,2024-01-05,C23,101.25,USD
5015,2024-01-19,C38,2095.50,USD
5016,2024-01-08,C35,2017.50,USD
5017,2024-01-29,C39,2147.25,USD
5018,2024-01-14,C6,735.50,USD
5019,2024-01-10,C38,2159.75,USD
5020,2024-01-26,C25,688.50,USD
5021,2024-01-01,C25,514.75,USD
5022,2024-01-02,C5,1501.25,USD
5023,2024-01-01,C2,2170.75,USD
5024,2024-01-22,C21,1323.75,USD
5025,2024-01-30,C21,577.75,USD
5026,2024-01-19,C30,779.50,USD
5027,2024-01-17,C38,927.75,USD
5028,2024-01-11,C40,1959.50,USD
5029,2024-01-18,C5,1714.00,USD
5030,2024-01-21,C13,790.00,USD
5031,2024-01-30,C35,277.75,USD
5032,2024-01-16,C13,163.50,USD
5033,2024-01-07,C34,2197.50,USD
5034,2024-01-22,C11,841.75,USD
5035,2024-01-14,C18,2263.75,USD
5036,2024-01-13,C6,1328.50,USD
5037,2024-01-06,C23,1159.75,USD
5038,2024-01-25,C32,1782.25,USD
5039,2024-01-06,C30,1414.75,USD
5040,2024-01-04,C29,2239.25,USD
5041,2024-01-28,C7,957.50,USD
5042,2024-01-31,C1,461.75,USD
5043,2024-01-14,C22,2312.50,USD
5044,2024-01-12,C2,722.25,USD
5045,2024-01-22,C36,2285.50,USD
5046,2024-02-20,C8,1228.50,USD
5047,2024-02-10,C37,2385.25,USD
5048,2024-02-05,C36,495.25,USD
5048,2024-02-05,C36,495.25,USD
5049,2024-02-14,C7,781.00,USD
5050,2024-02-25,C4,1539.50,USD
5051,2024-02-17,C7,1364.25,USD
5052,2024-02-27,C38,341.25,USD
5053,2024-02-06,C21,1148.25,USD
5054,2024-02-01,C5,1766.25,USD
5055,2024-02-01,C27,314.00,USD
5056,2024-02-01,C16,1349.00,USD
5057,2024-02-22,C7,2378.25,USD
5057,2024-02-22,C7,2378.25,USD
5058,2024-02-25,C21,1947.00,USD
5059,2024-02-11,C26,963.75,USD
5060,2024-02-22,C28,569.25,USD
5061,2024-02-22,C33,1110.75,USD
5062,2024-02-27,C19,1539.00,USD
5063,2024-02-29,C28,176.25,USD
5064,2024-02-10,C22,581.25,USD
5065,2024-02-11,C27,163.25,USD
5066,2024-02-18,C13,309.00,USD
5067,2024-02-20,C11,582.00,USD
5068,2024-02-05,C3,2220.25,USD
5068,2024-02-05,C3,2220.25,USD
5069,2024-02-21,C39,1317.00,USD
5070,2024-02-19,C28,597.25,USD
5070,2024-02-19,C28,597.25,USD
5071,2024-02-13,C27,1624.50,USD
5072,2024-02-22,C27,979.50,USD
5073,2024-02-18,C12,196.75,USD
5074,2024-02-26,C17,684.50,USD
5075,2024-02-01,C2,1213.75,USD
5076,2024-02-09,C27,1369.50,USD
5077,2024-02-03,C38,814.00,USD
5078,2024-02-27,C33,1166.25,USD
5079,2024-02-25,C34,1380.00,USD
5080,2024-02-21,C1,1074.75,USD
5081,2024-02-08,C4,2163.50,USD
5082,2024-02-23,C26,1554.50,USD
5083,2024-02-27,C36,1209.25,USD
5084,2024-02-12,C13,1550.75,USD
5085,2024-02-18,C30,2021.25,USD
5086,2024-02-06,C13,1761.50,USD
5087,2024-02-29,C32,101.25,USD
5088,2024-02-23,C34,1752.00,USD
5089,2024-02-03,C12,1304.25,USD
5090,2024-02-24,C35,1165.50,USD
5091,2024-03-29,C7,969.25,EUR
5092,2024-03-02,C37,1638.50,USD
5092,2024-03-02,C37,1638.50,USD
5093,2024-03-04,C33,1674.25,EUR
5094,2024-03-09,C36,857.50,USD
5095,2024-03-10,C19,1543.50,USD
5096,2024-03-07,C25,118.75,USD
5097,2024-03-12,C28,2281.50,USD
5098,2024-03-01,C34,2288.50,EUR
5099,2024-03-01,C11,2189.00,USD
5100,2024-03-03,C24,965.50,USD
5101,2024-03-20,C39,515.25,EUR
5102,2024-03-04,C32,379.75,USD
5103,2024-03-20,C17,561.25,USD
5103,2024-03-20,C17,561.25,USD
5104,2024-03-30,C31,2355.50,USD
5105,2024-03-22,C23,1493.00,USD
5106,2024-03-25,C5,2106.25,USD
5107,2024-03-25,C17,769.25,USD
5108,2024-03-17,C28,1401.75,USD
5109,2024-03-11,C26,1976.50,EUR
5110,2024-03-25,C23,1758.75,USD
5111,2024-03-05,C14,2400.50,USD
5112,2024-03-09,C28,562.25,USD
5113,2024-03-27,C18,1159.50,USD
5114,2024-03-21,C35,1438.50,EUR
5115,2024-03-25,C36,1282.75,EUR
5116,2024-03-13,C26,1428.75,EUR
5117,2024-03-04,C22,2106.50,USD
5118,2024-03-12,C28,325.75,USD
5119,2024-03-01,C12,1112.50,EUR
5120,2024-03-19,C22,1778.75,USD
5120,2024-03-19,C22,1778.75,USD
5121,2024-03-11,C31,980.00,EUR
5122,2024-03-11,C18,936.75,EUR
5123,2024-03-09,C33,1593.00,USD
5124,2024-03-23,C36,126.00,EUR
5124,2024-03-23,C36,126.00,EUR
5125,2024-03-11,C10,1978.50,USD
5126,2024-03-22,C39,1347.00,EUR
5127,2024-03-14,C37,2370.50,USD
5128,2024-03-01,C7,1798.00,EUR
5129,2024-03-18,C12,1027.75,USD
5130,2024-03-11,C22,2044.25,USD
5130,2024-03-11,C22,2044.25,USD
5131,2024-03-29,C32,1104.00,USD
5132,2024-03-05,C32,1579.25,EUR
5133,2024-03-07,C30,2178.75,USD
5134,2024-03-07,C20,1762.00,USD
5135,2024-03-22,C33,1303.75,USD
5136,03/04/2024,C40,2219.25,USD
5136,03/04/2024,C40,2219.25,USD
5137,11/04/2024,C32,1554.50,USD
5138,2024-04-18,C5,794.25,USD
5139,2024-04-17,C34,515.50,USD
5140,2024-04-15,C2,1837.50,EUR
5141,07/04/2024,C33,1188.75,USD
5142,2024-04-18,C9,1414.25,USD
5143,2024-04-18,C26,2288.50,USD
5144,2024-04-20,C10,707.50,USD
5144,2024-04-20,C10,707.50,USD
5145,2024-04-26,C9,330.00,USD
5145,2024-04-26,C9,330.00,USD
5146,2024-04-26,C18,813.50,EUR
5147,2024-04-18,C18,604.75,USD
5147,2024-04-18,C18,604.75,USD
5148,06/04/2024,C11,840.50,USD
5149,2024-04-21,C27,2316.00,USD
5150,2024-04-08,C20,2303.00,USD
5151,2024-04-22,C30,714.25,USD
5152,2024-04-23,C10,2008.00,USD
5153,2024-04-04,C4,1133.25,USD
5154,2024-04-06,C2,448.75,USD
5154,2024-04-06,C2,448.75,USD
5155,2024-04-07,C28,779.50,USD
5156,2024-04-22,C15,951.25,USD
5157,2024-04-18,C11,1808.75,USD
5158,2024-04-28,C30,936.25,USD
5159,2024-04-30,C29,2053.00,USD
5160,2024-04-24,C14,402.25,EUR
5161,2024-04-23,C40,785.50,EUR
5161,2024-04-23,C40,785.50,EUR
5162,2024-04-07,C28,1832.00,USD
5163,2024-04-05,C36,1180.25,USD
5164,2024-04-13,C24,2214.75,EUR
5165,2024-04-27,C18,645.00,USD
5166,2024-04-18,C10,1550.75,EUR
5167,2024-04-20,C25,277.25,USD
5167,2024-04-20,C25,277.25,USD
5168,2024-04-22,C17,1999.25,EUR
5169,2024-04-27,C35,2252.00,USD
5170,2024-04-10,C18,251.00,EUR
5171,2024-04-30,C34,525.75,USD
5172,2024-04-15,C37,2295.00,USD
5173,2024-04-29,C10,188.00,USD
5174,2024-04-03,C26,1124.00,EUR
5175,2024-04-24,C3,2213.00,USD
5176,2024-04-23,C22,2008.50,EUR
5177,2024-04-23,C21,1073.75,USD
5178,2024-04-17,C16,1360.75,USD
5179,2024-04-16,C3,834.75,EUR
5180,2024-04-25,C13,2030.75,EUR
5181,2024-05-17,C31,975.75,EUR
5182,2024-05-17,C3,654.25,USD
5183,2024-05-28,C16,1174.75,USD
5184,2024-05-01,C38,2209.50,USD
5185,2024-05-04,C34,968.00,USD
5186,2024-05-06,C36,534.00,USD
5187,2024-05-13,C27,1080.50,USD
5187,2024-05-13,C27,1080.50,USD
5188,2024-05-09,C4,772.25,USD
5189,2024-05-03,C24,228.50,EUR
5190,2024-05-04,C36,2331.00,USD
5191,2024-05-31,C23,1992.00,USD
5192,2024-05-21,C13,2052.00,USD
5193,2024-05-03,C19,348.25,EUR
5194,2024-05-01,C14,258.75,EUR
5195,2024-05-03,C17,2318.50,USD
5196,2024-05-21,C36,2292.50,USD
5196,2024-05-21,C36,2292.50,USD
5197,2024-05-27,C32,1521.50,EUR
5198,2024-05-13,C35,1072.00,USD
5199,2024-05-14,C1,446.75,USD
5200,2024-05-06,C40,754.50,EUR
5201,2024-05-25,C33,1222.50,USD
5202,2024-05-03,C30,384.50,EUR
5203,2024-05-28,C37,1076.75,USD
5204,2024-05-22,C10,799.75,USD
5205,2024-05-04,C36,1634.00,EUR
5206,2024-05-21,C32,1466.25,USD
5207,2024-05-24,C6,166.25,USD
5208,2024-05-04,C16,1082.25,USD
5209,2024-05-22,C39,2400.50,USD
5210,2024-05-24,C20,196.25,USD
5211,2024-05-23,C12,477.50,USD
5211,2024-05-23,C12,477.50,USD
5212,2024-05-25,C31,2138.75,USD
5213,2024-05-03,C8,2240.25,EUR
5214,2024-05-14,C10,163.75,USD
5214,2024-05-14,C10,163.75,USD
5215,2024-05-10,C39,1641.00,USD
5216,2024-05-19,C29,1011.25,EUR
5217,2024-05-26,C29,1657.25,EUR
5218,2024-05-25,C29,1298.25,USD
5219,2024-05-24,C29,2003.25,USD
5220,2024-05-27,C21,2324.00,EUR
5221,2024-05-07,C14,1286.75,USD
5222,2024-05-28,C15,1412.50,USD
5223,2024-05-08,C7,1453.75,USD
5224,2024-05-20,C14,2303.75,USD
5225,2024-05-12,C17,1932.50,USD
5226,2024-06-17,C12,,USD
5227,2024-06-28,C11,,USD
5228,2024-06-21,C25,,USD
5228,2024-06-21,C25,,USD
5229,2024-06-26,C3,1462.25,USD
5230,2024-06-08,C27,2270.25,USD
5231,2024-06-17,C40,1516.75,USD
5232,2024-06-08,C34,2233.75,EUR
5233,2024-06-20,C25,1571.50,USD
5234,2024-06-19,C36,199.00,USD
5235,2024-06-07,C16,1692.75,EUR
5235,2024-06-07,C16,1692.75,EUR
5236,2024-06-14,C11,1611.00,USD
5237,2024-06-03,C35,558.50,USD
5238,2024-06-04,C26,1501.00,USD
5239,2024-06-08,C27,94.00,USD
5240,2024-06-25,C5,697.75,USD
5241,2024-06-04,C27,861.75,USD
5242,2024-06-20,C22,434.25,EUR
5243,2024-06-05,C16,487.75,USD
5244,2024-06-03,C9,1979.75,EUR
5245,2024-06-15,C5,1918.75,USD
5246,2024-06-24,C23,272.75,EUR
5247,2024-06-14,C12,1127.50,USD
5248,2024-06-04,C28,771.00,USD
5249,2024-06-20,C10,1339.25,USD
5250,2024-06-26,C28,1007.25,EUR
5251,2024-06-14,C5,419.25,USD
5252,2024-06-14,C21,1352.50,USD
5253,2024-06-17,C39,1796.25,EUR
5253,2024-06-17,C39,1796.25,EUR
5254,2024-06-18,C3,2239.75,USD
5255,2024-06-14,C19,1147.50,USD
5255,2024-06-14,C19,1147.50,USD
5256,2024-06-15,C38,2198.25,EUR
5257,2024-06-10,C17,1090.00,EUR
5258,2024-06-20,C13,1383.00,USD
5258,2024-06-20,C13,1383.00,USD
5259,2024-06-13,C22,1971.75,USD
5260,2024-06-12,C7,1843.75,USD
5261,2024-06-11,C38,1547.00,USD
5262,2024-06-13,C23,1108.75,USD
5263,2024-06-12,C1,260.00,USD
5264,2024-06-18,C19,303.00,USD
5265,2024-06-14,C22,1308.25,EUR
5266,2024-06-07,C1,399.50,EUR
5267,2024-06-02,C12,2290.75,USD
5268,2024-06-22,C7,2194.00,USD
5269,2024-06-05,C19,1793.50,EUR
5270,2024-06-23,C8,509.00,USD
