sale_id,sale_date,stall_id,qty,amount
116,2024-09-01,S2,23,920.0
133,2024-09-02,S3,39,585.0
124,2024-09-03,S1,39,2340.0
101,2024-09-05,S4,7,840.0
136,2024-09-05,S1,24,1440.0
126,2024-09-06,S3,13,195.0
148,2024-09-09,S3,11,165.0
106,2024-09-10,S1,31,1860.0
111,2024-09-10,S2,5,200.0
123,2024-09-10,S3,10,150.0
138,2024-09-10,S1,18,
141,2024-09-10,S3,23,345.0
115,2024-09-11,S2,18,720.0
122,2024-09-11,S2,17,680.0
146,2024-09-11,S1,6,360.0
118,2024-09-12,S4,9,1080.0
129,2024-09-12,S3,35,525.0
128,2024-09-13,S3,12,180.0
137,2024-09-13,S3,34,510.0
103,2024-09-14,S1,23,1380.0
112,2024-09-14,S1,13,780.0
109,2024-09-15,S1,9,540.0
110,2024-09-15,S4,35,4200.0
117,2024-09-15,S1,17,1020.0
131,2024-09-16,S2,28,1120.0
140,2024-09-16,S4,9,1080.0
121,2024-09-18,S1,22,1320.0
125,2024-09-18,S2,34,1360.0
127,2024-09-18,S2,17,680.0
150,2024-09-18,S4,26,3120.0
120,2024-09-19,S1,28,1680.0
114,2024-09-20,S4,38,4560.0
132,2024-09-20,S1,13,780.0
107,2024-09-21,S2,22,880.0
135,2024-09-21,S3,35,525.0
147,2024-09-21,S2,6,240.0
104,2024-09-22,S3,40,600.0
139,2024-09-22,S1,21,1260.0
108,2024-09-23,S2,30,1200.0
102,2024-09-24,S4,40,4800.0
113,2024-09-24,S2,22,880.0
134,2024-09-24,S3,19,285.0
130,2024-09-25,S2,17,680.0
143,2024-09-25,S1,23,1380.0
149,2024-09-27,S4,38,4560.0
119,2024-09-28,S4,9,1080.0
144,2024-09-29,S4,10,1200.0
105,2024-09-30,S4,17,2040.0
142,2024-09-30,S2,8,320.0
145,2024-09-30,S2,17,680.0
101,2024-09-05,S4,7,840.0
112,2024-09-14,S1,13,780.0
